patientunitstayid,prediction
3186183,0
1718412,0
349322,0
1318254,0
3142950,0
2639649,0
2349210,0
709257,0
3133636,0
1259283,0
903409,0
733082,0
1107209,0
976171,0
1447124,0
2982293,0
472359,0
447542,0
650417,0
306247,0
1325742,0
1048833,0
1772266,0
3136586,0
975298,0
1805312,0
193665,0
838945,0
827085,0
2095881,0
2841895,0
1065468,0
441732,0
818154,0
772262,0
296926,0
1298314,0
1746977,0
2216546,0
159411,0
2814579,0
1303268,0
3207237,0
755285,0
975692,0
2565399,0
2901384,0
2669317,0
1494982,0
2848941,0
2848323,0
646514,0
3149587,0
558720,0
155961,0
2390106,0
1113268,0
859032,0
2124939,0
1851750,0
1437505,0
977270,0
1335511,0
2264884,0
1810300,0
1774133,0
2712431,0
975646,0
2161221,0
3027283,0
3151670,0
2973367,0
2994833,0
483209,0
640260,0
1631671,0
1204914,0
383124,0
2894029,0
2687675,0
2432352,0
1282697,0
2831222,0
2119141,0
1067237,0
1790300,0
2797147,0
3011600,0
3199449,0
2875586,0
2675931,0
2917555,0
1334350,0
2791385,0
2323567,0
3027681,0
2737087,0
958500,0
701925,0
960567,0
3138488,0
145427,0
1702184,0
1775226,0
313055,0
763979,0
3143234,0
1079891,0
907256,0
1247212,0
1809093,0
2552806,0
1592412,0
3233306,0
570072,0
961295,0
531806,0
1540035,0
1582472,0
2493040,0
3159558,0
1290248,0
2603273,0
1765641,0
1145673,0
1588606,0
2220761,0
2902156,0
1693494,0
1073820,0
214497,0
570073,0
755774,0
2764039,0
843991,0
1783561,0
2335944,0
272927,0
1571101,0
1620730,0
401177,0
1590738,0
2694977,0
1555005,0
211715,0
1756030,0
2743112,0
2167152,0
3067309,0
675038,0
2934903,0
181716,0
976722,0
345142,0
2715137,0
636187,0
194175,0
570071,0
1073098,0
3136218,0
1817626,0
930706,0
2670191,0
1635061,0
2740390,0
2808515,0
3144143,0
1733359,0
628328,0
1087299,0
1714511,0
1173453,0
1507417,0
190764,0
2597777,0
2724119,0
2898513,0
1856821,0
2682904,0
3246445,0
959746,0
165840,0
374770,0
1090889,0
2714202,0
2867190,0
1069005,0
2940544,0
216951,0
3160233,0
2552038,0
1563484,0
3046540,0
972135,0
960943,0
1104499,0
410108,0
1679064,0
2738362,0
946276,0
3135511,0
3149046,0
444692,0
2263091,0
664474,0
3079819,0
2632476,0
367912,0
149432,0
1105687,0
350259,0
2065738,0
2581351,0
640795,0
219982,0
1161026,0
3329305,0
563517,0
1775944,0
1059195,0
2595884,0
1835858,0
1090039,0
916394,0
733084,0
2812202,0
2589698,0
1816075,0
2103754,0
482789,0
3153393,0
1580986,0
346380,0
3152607,0
1267484,0
2627574,0
1855918,0
153972,0
2646210,0
968871,0
1788165,0
1572351,0
1807156,0
3019476,0
3148909,0
3068380,0
1833568,0
2734372,0
3140152,0
849186,0
1686778,0
2432351,0
3114713,0
1155753,0
1629286,0
1657457,0
467819,0
2164616,0
2946465,0
1291973,0
2143474,0
1167770,0
3140371,0
1650500,0
2733542,0
1156775,0
1705630,0
1323983,0
198629,0
2721402,0
3099740,0
2560585,0
1113145,0
758327,0
314240,0
3135635,0
3153171,0
2903848,0
1152973,0
2406601,0
1088206,0
1106309,0
2818995,0
2621632,0
1117947,0
3343295,0
2898046,0
1664412,0
603254,0
1161025,0
276594,0
1756529,0
343094,0
971201,0
2723117,0
1124305,0
1103224,0
1437826,0
2687268,0
2555162,0
1461035,0
2600791,0
250073,0
1453811,0
2632637,0
2316703,0
453326,0
1744887,0
3100720,0
1092494,0
849188,0
3149078,0
876430,0
2566203,0
3048982,0
3070432,0
3352231,0
2893870,0
3152779,0
3220742,0
616272,0
937153,0
1837638,0
369237,0
2475260,0
2616371,0
971871,0
758325,0
2193649,0
1436955,0
2745039,0
402604,0
3212957,0
1852395,0
378120,0
662091,0
1072171,0
1143992,0
2819402,0
585972,0
2598769,0
570087,0
755773,0
2334309,0
3029852,0
2498010,0
1768103,0
2798666,0
1563281,0
1767854,0
807441,0
162502,0
2015123,0
3114730,0
2644765,0
2776590,0
1059340,0
1836673,0
1093888,0
3353113,0
3243205,0
2573914,0
234941,0
1737144,0
3034194,0
1574850,0
2608936,0
158056,0
3025797,0
1271379,0
633866,0
304256,0
1124068,0
1255562,0
325924,0
2618534,0
942382,0
639916,0
2208455,0
675037,0
408514,0
1359171,0
3152675,0
3237226,0
2774779,0
3208300,0
2599455,0
958719,0
2600767,0
2627270,0
942967,0
1261141,0
2078216,0
403279,0
179029,0
1824650,0
3075364,0
3346187,0
151867,0
2492811,0
1794908,0
976781,0
1098222,0
2786505,0
968599,0
1113267,0
221005,0
1692067,0
2748974,0
1098224,0
2573381,0
1855917,0
939222,0
1638510,0
2527253,0
1184492,0
163137,0
1098223,0
542874,0
2685325,0
1441610,0
235043,0
544158,0
1066837,0
2623519,0
1272544,0
1557373,0
3099676,0
2703113,0
977926,0
369273,0
3136876,0
3238529,0
2309912,0
963941,0
2848387,0
287848,0
688938,0
755286,0
1773222,0
3214193,0
243999,0
3101166,0
149713,0
2558122,0
3122044,0
2637542,0
2347487,0
165928,0
1593818,0
2501548,0
295112,0
2416376,0
1733584,0
2960916,0
151179,0
3086799,0
3131438,0
1252128,0
1588817,0
223787,0
2903849,0
3128596,0
1063956,0
1985995,0
972877,0
1514653,0
1212475,0
316495,0
2989799,0
2821884,0
1845580,0
2093411,0
1785133,0
2784404,0
646513,0
344379,0
1739131,0
3158680,0
1575432,0
2982292,0
732999,0
547539,0
3063333,0
2687785,0
1516976,0
842498,0
965083,0
490454,0
235042,0
1823939,0
1059935,0
970984,0
1532382,0
2794542,0
2848336,0
733693,0
165173,0
2727377,0
341780,0
1560251,0
1587268,0
167093,0
342371,0
1630908,0
1665435,0
2906936,0
531662,0
1081610,0
1852625,0
3231363,0
1813166,0
454240,0
1837964,0
1818922,0
1731654,0
2602775,0
1620810,0
1117332,0
514387,0
221131,0
1133463,0
2794541,0
1685484,0
1751224,0
1707249,0
1591761,0
851094,0
3145787,0
2878847,0
3132615,0
3351763,0
3157219,0
169525,0
1074326,0
169974,0
1069119,0
563516,0
1817625,0
842499,0
1087597,0
1651376,0
2760099,0
3107149,0
1545675,0
1111686,0
826668,0
2594608,0
311043,0
1798420,0
1314510,0
2709370,0
2758157,0
2630865,0
2480458,0
1195714,0
197921,0
1192076,0
2621948,0
1754323,0
2857777,0
2442461,0
3156122,0
3178242,0
853131,0
2792350,0
1191262,0
1462227,0
1571533,0
234934,0
189358,0
2695180,0
2133477,0
2787684,0
3352230,0
1735220,0
1061585,0
2075278,0
2482439,0
1794248,0
3146987,0
3130379,0
671292,0
151900,0
2864521,0
210641,0
3058804,0
1433842,0
382892,0
392935,0
326308,0
564485,0
2571798,0
2692627,0
1058166,0
172015,0
3148506,0
349481,0
631264,0
755772,0
892619,0
3116577,0
1072883,0
1856168,0
1849124,0
418417,0
187823,0
913057,0
509023,0
1981330,0
1858620,0
642374,0
2704188,0
679747,0
578187,0
587426,0
585971,0
1106162,0
2993915,0
3086265,0
1278738,0
2873466,0
2718495,0
1095052,0
1839696,0
1071224,0
1294380,0
2880131,0
290122,0
576214,0
1116202,0
1602040,0
1617862,0
3225660,0
275329,0
2803818,0
165752,0
1224149,0
1292009,0
3030641,0
752830,0
1671497,0
3154267,0
1252888,0
1798839,0
1671276,0
295916,0
2893929,0
1652644,0
1735497,0
2672387,0
3086494,0
356684,0
2714634,0
2293457,0
2167318,0
937152,0
700741,0
291628,0
2699440,0
564216,0
3347501,0
3003035,0
379119,0
3157608,0
228266,0
2696071,0
1131143,0
2403083,0
1769880,0
3341035,0
931649,0
3138092,0
694055,0
2266898,0
706954,0
260961,0
1098722,0
1450141,0
603253,0
226326,0
2583107,0
2091118,0
2943467,0
2627050,0
1682105,0
1260940,0
2747417,0
3021362,0
1456586,0
2589190,0
2751276,0
1547780,0
1854640,0
961164,0
852422,0
972876,0
244477,0
1536635,0
2843984,0
1709991,0
1771521,0
1154606,0
1559041,0
3139446,0
156906,0
2729111,0
2609955,0
564486,0
1290999,0
263850,0
301780,0
3155534,0
1073984,0
1544756,0
1680400,0
276815,0
2521021,0
334902,0
3140159,0
165325,0
2038434,0
2754365,0
969334,0
157016,0
205928,0
1590387,0
1823727,0
3090122,0
2702636,0
202294,0
1253494,0
1270422,0
420354,0
1590480,0
1557515,0
1732397,0
375705,0
3058972,0
1350881,0
1733366,0
2716852,0
1795131,0
1835048,0
967281,0
2823486,0
3150608,0
2558121,0
2870391,0
160313,0
232447,0
1059638,0
3132859,0
572556,0
2095984,0
204602,0
2958288,0
1070881,0
1842417,0
913910,0
2842748,0
436993,0
2681532,0
2611778,0
1057967,0
3351295,0
3344943,0
3225692,0
539481,0
2392486,0
550209,0
1660241,0
3155594,0
2568975,0
2866326,0
2735662,0
443664,0
175110,0
2401209,0
2399222,0
2686684,0
2897465,0
843990,0
769546,0
3225577,0
1661435,0
141765,0
3348293,0
1651765,0
2081387,0
1590358,0
3163372,0
2603291,0
280350,0
1162903,0
946151,0
1528129,0
1598702,0
3104543,0
208726,0
2609132,0
2559678,0
3029353,0
1553915,0
722595,0
148611,0
847126,0
2841632,0
3132610,0
2794087,0
3341168,0
2868265,0
725667,0
3157896,0
977218,0
1058611,0
678373,0
926318,0
2853358,0
1831437,0
3060213,0
3095720,0
230150,0
1736752,0
1107902,0
970720,0
1026132,0
1311473,0
1455088,0
1582555,0
2621338,0
2726926,0
1069678,0
3214314,0
289640,0
2199589,0
1063742,0
239655,0
2593036,0
1201396,0
1657586,0
2820137,0
1820234,0
1695183,0
1830188,0
2398822,0
1264637,0
654286,0
258915,0
1292649,0
2594234,0
3145378,0
1072172,0
2592641,0
1275596,0
251111,0
1645662,0
866114,0
1609629,0
2108150,0
924223,0
2778495,0
2251457,0
949938,0
1174912,0
2676990,0
1803053,0
1821939,0
1211078,0
926319,0
2415731,0
963136,0
1757145,0
808118,0
2823485,0
2440723,0
2870997,0
2872788,0
341668,0
2670190,0
1851120,0
758326,0
2466952,0
3133333,0
3159124,0
2950802,0
1536927,0
186393,0
1555314,0
2078217,0
1070882,0
2735284,0
887140,0
243097,0
972232,0
2081807,0
3115052,0
2258562,0
2601053,0
2128571,0
3003844,0
1061893,0
701926,0
1447123,0
1215338,0
2303500,0
335868,0
1608445,0
1081591,0
1725601,0
2999209,0
1058612,0
3331430,0
3149424,0
1622702,0
1725431,0
190446,0
403605,0
2707485,0
2215634,0
558719,0
389703,0
3246790,0
971247,0
3233620,0
264901,0
539482,0
2644671,0
405746,0
3067246,0
2428517,0
3163373,0
1846269,0
3150025,0
838186,0
899746,0
503222,0
1664335,0
1708886,0
208460,0
232562,0
3151890,0
1083556,0
1772933,0
227819,0
3133465,0
2249486,0
2607275,0
2831316,0
964437,0
1144659,0
351720,0
263285,0
1084013,0
2821497,0
3140613,0
1064283,0
3141080,0
532222,0
3150018,0
568432,0
898372,0
211144,0
2220765,0
1076172,0
859033,0
562305,0
389791,0
949937,0
2407144,0
2625804,0
1063405,0
197618,0
157427,0
3055167,0
1008970,0
979241,0
3348292,0
1497157,0
2804045,0
1070390,0
3132737,0
404616,0
174608,0
163524,0
3092621,0
1821487,0
1592593,0
1516341,0
314184,0
1811733,0
1463884,0
773231,0
2308009,0
3143360,0
2694451,0
2757872,0
865450,0
2851841,0
2629735,0
3138091,0
1161082,0
230427,0
678372,0
218955,0
931776,0
3225620,0
2215881,0
